{
    "resources": [
        {
            "name": "controller/MainView-dbg.controller.js",
            "isDebug": true
        },
        {
            "name": "Component.js"
        },
        {
            "name": "manifest.json"
        },
        {
            "name": "model/models.js"
        },
        {
            "name": "controller/ShowEmployees.controller.js"
        },
        {
            "name": "controller/MasterEmployee.controller.js"
        },
        {
            "name": "controller/MainView.controller.js"
        },
        {
            "name": "controller/DetailsEmployee.controller.js"
        },
        {
            "name": "controller/CreateEmployee.controller.js"
        },
        {
            "name": "controller/App.controller.js"
        },
        {
            "name": "model/json/configEmployee.json"
        },
        {
            "name": "manifest-bundle.zip"
        },
        {
            "name": "Component-preload.js",
            "merged": true
        },
        {
            "name": "controller/DetailsEmployee-dbg.controller.js",
            "isDebug": true
        },
        {
            "name": "controller/ShowEmployees-dbg.controller.js",
            "isDebug": true
        },
        {
            "name": "controller/MasterEmployee-dbg.controller.js",
            "isDebug": true
        },
        {
            "name": "i18n/i18n.properties",
            "raw": "i18n/i18n.properties"
        },
        {
            "name": "model/models-dbg.js",
            "isDebug": true
        },
        {
            "name": "controller/CreateEmployee-dbg.controller.js",
            "isDebug": true
        },
        {
            "name": "controller/App-dbg.controller.js",
            "isDebug": true
        },
        {
            "name": "Component-dbg.js",
            "isDebug": true
        },
        {
            "name": "../../sap-ui-version.json"
        },
        {
            "name": "view/ShowEmployees.view.xml"
        },
        {
            "name": "view/MasterEmployee.view.xml"
        },
        {
            "name": "view/MainView.view.xml"
        },
        {
            "name": "view/DetailsEmployee.view.xml"
        },
        {
            "name": "view/CreateEmployee.view.xml"
        },
        {
            "name": "view/App.view.xml"
        },
        {
            "name": "css/style.css"
        },
        {
            "name": "fragment/UpgradeEmployee.fragment.xml"
        },
        {
            "name": "index.html"
        }
    ]
}