{
  "manifest.json": 1623604379564,
  "Component.js": 1623087135061,
  "i18n/i18n.properties": 1623356755665,
  "model/models.js": 1622225126602,
  "controller/ShowEmployees.controller.js": 1623598097201,
  "controller/MasterEmployee.controller.js": 1623598233565,
  "controller/MainView.controller.js": 1623598416710,
  "controller/DetailsEmployee.controller.js": 1623604356919,
  "controller/CreateEmployee.controller.js": 1623604080818,
  "controller/App.controller.js": 1622389474631,
  "model/json/configEmployee.json": 1622748839508,
  "manifest-bundle.zip": 1623604379221,
  "Component-preload.js": 1623604379496,
  "controller/DetailsEmployee-dbg.controller.js": 1623604356919,
  "controller/ShowEmployees-dbg.controller.js": 1623598097201,
  "controller/MasterEmployee-dbg.controller.js": 1623598233565,
  "controller/MainView-dbg.controller.js": 1623598416710,
  "model/models-dbg.js": 1622225126602,
  "controller/CreateEmployee-dbg.controller.js": 1623604080818,
  "controller/App-dbg.controller.js": 1622389474631,
  "Component-dbg.js": 1623087135061,
  "resources.json": 1623604379567,
  "view/ShowEmployees.view.xml": 1623595489967,
  "view/MasterEmployee.view.xml": 1623604080830,
  "view/MainView.view.xml": 1623356755657,
  "view/DetailsEmployee.view.xml": 1623604080818,
  "view/CreateEmployee.view.xml": 1623604080830,
  "view/App.view.xml": 1622389474619,
  "fragment/UpgradeEmployee.fragment.xml": 1623356755645,
  "css/style.css": 1623270845822,
  "index.html": 1622225126598
}